id,name,host_id,neighbourhood,latitude,longitude,room_type,price,minimum_nights,number_of_reviews,availability_365
16688,"Beautiful condo in downtown Pearl, NW Portland",64840,Pearl,45.525420000000004,-122.68557,Entire home/apt,275,2,78,362
37676,Mt. Hood View in the Pearl District,162158,Pearl,45.52555,-122.68193000000001,Entire home/apt,125,30,123,335
61893,"NW, Pearl, Downtown, and Parks—Walk to Everything",300391,Goose Hollow,45.522079999999995,-122.69979,Entire home/apt,180,30,8,317
217607,One Bedroom Artists Loft - Close to EvErYtHiNg,971012,Old Town/Chinatown,45.527120000000004,-122.67563999999999,Entire home/apt,160,20,48,318
674866,Fantastic Loft in the Pearl (short or long term),1731137,Pearl,45.526140000000005,-122.68224,Entire home/apt,175,30,9,335
921597,Pearl District Loft: Urban Oasis,4955336,Pearl,45.53085,-122.68462,Entire home/apt,99,30,12,176
1011906,"Shaman Perch
Best View In Portland",5566717,Goose Hollow,45.51526,-122.69344,Entire home/apt,95,3,156,272
1092552,Goose Hollow Studio,6002476,Goose Hollow,45.51892,-122.69391,Entire home/apt,135,2,452,262
1209612,"WATERFRONT, NW  DISTRICT CONDO",6510017,Old Town/Chinatown,45.52667,-122.67218999999999,Entire home/apt,1500,30,64,365
1297869,5th Ave Townhouse,7055900,Portland Downtown,45.50947,-122.68195,Entire home/apt,350,2,346,304
1399503,Gorgeous Pearl Loft,2209026,Pearl,45.53049,-122.68491000000002,Entire home/apt,161,186,69,365
1519381,Downtown living,8109719,Portland Downtown,45.50932,-122.67748,Entire home/apt,90,30,2,307
1539452,"""The Hermitage"", Historic Hafner Haus 2nd unit",8207605,Portland Downtown,45.51607,-122.6862,Entire home/apt,99,4,103,255
1560267,Pearl District Private Suite,2655510,Pearl,45.52792,-122.68246,Private room,125,2,452,290
1717606,Beautiful & Clean Condo in Pearl of Portland!,9055739,Pearl,45.53099,-122.6821,Entire home/apt,99,4,11,0
1737074,Rose City Restoration,9148096,Portland Downtown,45.52085,-122.6799,Entire home/apt,132,3,146,82
1856414,Comfortable Hip Downtown Loft,5907304,Portland Downtown,45.516290000000005,-122.68693,Entire home/apt,75,30,73,196
1931712,Deluxe Portland Downtown Condo,4084327,Portland Downtown,45.50956,-122.68021999999999,Entire home/apt,107,30,26,251
2038802,"2 story, 2 bath Downtown Condo w/Parking Pass",2687437,Portland Downtown,45.514759999999995,-122.68633999999999,Entire home/apt,99,30,159,228
2243045,Waterfront Panoramic 2b/2b Portland 30 day min,11456606,Old Town/Chinatown,45.52751,-122.67225,Entire home/apt,99,30,14,343
2332736,"Historic Hafner Haus, Downtown PDX
+Meeting Space",8207605,Portland Downtown,45.51621,-122.68816000000001,Entire home/apt,149,5,156,290
2418370,Lux Mountain/River View 2Br2BaCondo,2412446,Portland Downtown,45.50983,-122.67946,Entire home/apt,100,31,1,333
2429195,Portland Pearl District 1BR Apt: Walk Everywhere!,34691,Pearl,45.52662,-122.67863999999999,Entire home/apt,84,30,18,0
2460265,Modern condo in heart of Downtown,12579841,Portland Downtown,45.51593,-122.68703000000001,Entire home/apt,75,31,5,365
2537805,"1,600 Sq ft Pearl District Loft !",12994901,Pearl,45.52722,-122.6777,Entire home/apt,250,7,11,363
2985663,Modern 1-bdrm downtown PDX-Long term rental,3893123,Goose Hollow,45.52017,-122.68731000000001,Entire home/apt,124,3,28,271
3627515,The Downtowner,7379278,Portland Downtown,45.50935,-122.68206,Entire home/apt,350,2,304,279
3821515,"Super-Central, Air-Conditioned, Chinatown B&B!",18011110,Old Town/Chinatown,45.52381,-122.6737,Entire home/apt,99,1,402,302
3898931,Portland Pearl Extended Stay,4701601,Pearl,45.53324,-122.68005,Entire home/apt,185,60,18,2
4536608,"Historic Hafner Haus, British Style Bed+Breakfast",8207605,Portland Downtown,45.51678,-122.68783,Private room,45,28,25,343
4624844,British style Bed & Breakfast-Historic Hafner Haus,8207605,Portland Downtown,45.51445,-122.68798000000001,Private room,45,4,37,337
4811674,Stay in Historic Portland Church Parsonage,8207605,Portland Downtown,45.5151,-122.68652,Entire home/apt,58,4,9,334
5434216,Downtown Condo with a Great View,28190369,Portland Downtown,45.51158,-122.68027,Entire home/apt,100,30,17,302
5536388,"Pearl District Condo | Quiet, clean, contemporary",22576469,Pearl,45.5337,-122.68021,Entire home/apt,117,30,8,246
5761531,Amazing view in the heart of downtown,29890559,Pearl,45.52575,-122.67983999999998,Entire home/apt,98,30,4,363
5762158,"Cozy Nest in the Heart of Portland, 31 day minimum",26905222,Goose Hollow,45.52065,-122.68783,Entire home/apt,120,30,7,177
6376373,Waterfront Pearl District Condo!,5744484,Old Town/Chinatown,45.5276,-122.67334,Entire home/apt,150,30,0,313
6410081,"Gorgeous, spacious downtown condo",2393160,Goose Hollow,45.52159,-122.69663,Entire home/apt,320,2,243,337
6836255,Portland Getaway,35819516,Portland Downtown,45.517309999999995,-122.68542,Entire home/apt,149,30,138,365
7049638,Quiet and Spacious Downtown Condo,2305141,Goose Hollow,45.52227,-122.69541000000001,Entire home/apt,285,30,27,352
8035910,LONG TERM LUXURY IN THE PEARL,42431331,Pearl,45.52619,-122.68042,Entire home/apt,90,30,6,322
8035987,Lark About Downtown from Here!,42139754,Portland Downtown,45.51639,-122.68511000000001,Entire home/apt,250,30,54,364
8080471,"Beautiful, large downtown condo",2393160,Goose Hollow,45.52185,-122.69563000000001,Entire home/apt,185,30,80,365
8443658,Waterfront Pearl District Condo,1184882,Old Town/Chinatown,45.52732,-122.67137,Entire home/apt,110,30,17,346
9276925,Lovely FURNISHED riverfront condo,31927943,Pearl,45.53389,-122.67998,Entire home/apt,165,90,1,363
9370114,Downtown Waterfront Condo,48616768,Old Town/Chinatown,45.529709999999994,-122.6733,Private room,99,1,271,157
10537501,Industrial Pearl District Loft with FREE PARKING,52034458,Pearl,45.53048,-122.68643999999999,Entire home/apt,179,30,13,0
11260439,Luxury In The Pearl,58773859,Pearl,45.5304,-122.68246,Entire home/apt,166,30,3,365
11438533,Delightful Downtown Large Studio,5790741,Goose Hollow,45.520720000000004,-122.68972,Entire home/apt,47,30,5,114
11491022,Riverfront Condo Downtown Portland,60500778,Old Town/Chinatown,45.528620000000004,-122.67183999999999,Entire home/apt,73,31,5,335
11507173,Beautiful Studio/ Great Location!,60624037,Lloyd District,45.53448,-122.65683,Entire home/apt,109,3,69,119
11944316,City at your feet in Goose Hollow,2995729,Goose Hollow,45.51977,-122.69378,Entire home/apt,130,3,142,105
12072242,Awesome Loft in the Heart of PDX,64689549,Portland Downtown,45.511540000000004,-122.68494,Entire home/apt,169,30,34,245
12608430,Angel's Rest Suite 2BR Big spaces  2 Roku TVs,67810155,Lloyd District,45.53431,-122.65763999999999,Entire home/apt,153,1,193,331
12760040,Cooper Spur Suite - Large Urban 2br great location,67810155,Lloyd District,45.53365,-122.65651000000001,Entire home/apt,153,1,144,315
12760406,"Painted Hills Suite - Big 2BR, Every Amenity + A/C",67810155,Lloyd District,45.53447,-122.65664,Entire home/apt,176,1,141,344
12854038,Spacious Portland Loft,5907304,Portland Downtown,45.51582,-122.68638,Entire home/apt,80,30,6,227
13079154,"WORK, PLAY, STAY!  Nature & Urban Vitality.",17264703,Old Town/Chinatown,45.52751,-122.67091,Entire home/apt,85,30,75,174
13084184,High End Downtown Condo with River View,378901,Portland Downtown,45.50824,-122.67161999999999,Entire home/apt,250,30,1,363
13483162,"Paradise in Downtown Portland, OR",75800876,Portland Downtown,45.5112,-122.68056999999999,Entire home/apt,60,30,14,102
13584288,Portland City Center - In the Middle of It All,78425774,Old Town/Chinatown,45.52722,-122.67523,Private room,75,3,74,87
13799741,The Historic Hafner Haus- 9 Bedrooms+Meeting Space,8207605,Portland Downtown,45.516459999999995,-122.68621,Entire home/apt,790,2,21,246
13941818,VIEW  750sqft One Bedroom Loft - Pearl District,286884,Pearl,45.5251,-122.68105,Entire home/apt,125,90,7,357
14852770,"""Dahlia's Place""    Historic City Center TOP Floor",28688984,Portland Downtown,45.50855,-122.68328999999999,Entire home/apt,147,2,107,143
15113378,"Parking, public transit.  PSU, OHSU, waterfront!",50536855,Portland Downtown,45.50962,-122.68053,Entire home/apt,97,30,13,295
15146074,"Silver Falls Suite  - Large 2BR, Great location",67810155,Lloyd District,45.53403,-122.65666,Entire home/apt,176,1,118,316
15496107,Pearl District Condo-Prime Location! Free Parking,25596073,Pearl,45.53235,-122.68202,Entire home/apt,99,30,16,363
16054149,Portland Urban Condo close to PSU,21461223,Portland Downtown,45.511,-122.68026,Entire home/apt,100,31,7,269
16162950,Spacious waterfront condo with free parking,104250962,Old Town/Chinatown,45.52959,-122.67535,Entire home/apt,100,30,256,59
16314330,"Modern 1 bdrm, parking & hot tub",64919481,Pearl,45.53139,-122.67539,Entire home/apt,149,30,57,0
16568420,Waterfront Pearl Modern Large Home Away From Home,109143261,Old Town/Chinatown,45.53018,-122.67226000000001,Entire home/apt,163,30,2,365
16702446,Sun-filled River Front Studio,56909996,Portland Downtown,45.50999,-122.67358,Entire home/apt,60,30,8,252
16932323,"Contemporary Condo, Urban Heart of Portland",108572320,Goose Hollow,45.52261,-122.69937,Entire home/apt,62,30,28,305
17186485,Luxury downtown dog-friendly condo w/ West Hills views! Business-friendly!,112445005,Portland Downtown,45.52032,-122.68011000000001,Entire home/apt,184,1,23,365
17186487,"Elegant, dog-friendly downtown condo with wrap-around views!",112445005,Portland Downtown,45.51918,-122.68054,Entire home/apt,246,1,18,364
17186490,City views! Easy access to downtown- great for work trips! Dogs welcome!,112445005,Portland Downtown,45.51826,-122.68141999999999,Entire home/apt,185,1,23,365
17186491,Chic studio-style condo downtown w/ city views - dogs OK!,112445005,Portland Downtown,45.51981,-122.6803,Entire home/apt,166,1,20,354
17186494,Bring your dog to downtown Portland and amazing highrise views!,112445005,Portland Downtown,45.5189,-122.68061999999999,Entire home/apt,182,1,24,359
17186502,"Gorgeous, dog-friendly downtown Portland condo w/ city views!",112445005,Portland Downtown,45.51893,-122.68223,Entire home/apt,192,1,18,365
17186503,"Upscale, dog-friendly condo at Park Avenue West w/ great views & new furnishings",112445005,Portland Downtown,45.51894,-122.6816,Entire home/apt,184,1,23,359
17186504,"Park Avenue West condo w/ city views, close to shopping/dining, dog-friendly!",112445005,Portland Downtown,45.51898,-122.68077,Entire home/apt,192,1,39,356
17186506,"Modern, dog-friendly retreat in the heart of downtown Portland!",112445005,Portland Downtown,45.51846,-122.68151,Entire home/apt,193,1,8,364
17186509,Dog-friendly condo w/ views of downtown! Great for couples or work trips!,112445005,Portland Downtown,45.5199,-122.6808,Entire home/apt,239,1,31,365
17911203,Modern Two-Story Condo Downtown!,122778455,Portland Downtown,45.51563,-122.68633999999999,Entire home/apt,89,30,18,211
18359810,Pearl District Waterfront Condo w/parking,24557207,Old Town/Chinatown,45.529509999999995,-122.67383999999998,Entire home/apt,105,30,2,362
18595135,Spacious 2Bdr in the Pearl District!,128135713,Pearl,45.52936,-122.68395,Entire home/apt,260,1,207,264
19097543,White Canopy Bed at Gorgeous Historic Mansion!,133105495,Goose Hollow,45.52091,-122.69899,Private room,150,2,36,108
19570342,Comfy Condo Downtown Portland 97201 Extended Stay,21288777,Portland Downtown,45.515240000000006,-122.68692,Entire home/apt,72,31,6,88
19587893,Attic in The Pearl,137684755,Pearl,45.52468,-122.68505,Private room,150,2,114,88
19592316,Luxurious Park Avenue West Downtown Condo,4962900,Portland Downtown,45.51999,-122.68203000000001,Entire home/apt,999,30,41,265
19592382,Chic and Close to Everything in Downtown Condo,4962900,Portland Downtown,45.518570000000004,-122.68163999999999,Entire home/apt,999,30,43,279
20072604,Ahoy There Matey,1623011,Portland Downtown,45.51055,-122.67549,Entire home/apt,88,2,21,90
20761085,Sweet and Central Downtown One Bedroom,148706923,Portland Downtown,45.51545,-122.68471000000001,Entire home/apt,125,1,170,165
20761234,Downtown Vintage One Bedroom,148706239,Portland Downtown,45.51526,-122.68659,Entire home/apt,125,1,170,171
21307312,LIVE IN THE HEART OF THE PEARL DISTRICT!,154205695,Pearl,45.53092,-122.67971999999999,Entire home/apt,60,30,0,363
21425869,"Upscale “Pearl Pad”.  Great location, view, fun!",10218720,Pearl,45.53269,-122.68036000000001,Entire home/apt,160,31,0,195
21485070,Waterfront Condo,6746569,Old Town/Chinatown,45.52689,-122.67156000000001,Entire home/apt,75,30,6,338
21517694,Bright Contemporary Loft in The Pearl,156366214,Pearl,45.52707,-122.68251000000001,Entire home/apt,117,31,3,304
21537748,Million-Dollar River View: light-filled downtown,156366214,Portland Downtown,45.51024,-122.67555,Entire home/apt,117,31,0,237
21650064,Downtown One Bedroom Condo In Historic Building,25190618,Portland Downtown,45.51495,-122.68524,Entire home/apt,90,30,8,164
21684502,Canopy bed in the Historic MacMaster House,133105495,Goose Hollow,45.5201,-122.69825,Private room,80,2,22,0
21785357,Heart of the Pearl - 11th Floor Executive Suite,2203745,Pearl,45.525240000000004,-122.67926999999999,Entire home/apt,110,30,3,304
22214770,High Rise Condo in Downtown w/Free Secure Parking,162323260,Portland Downtown,45.50998,-122.67851,Entire home/apt,68,30,55,203
22228992,Modern Pearl Condo with Secure Reserved Parking,162425891,Pearl,45.53099,-122.68157,Entire home/apt,116,30,3,259
22618305,Nordic luxury apartment on the edge of Pearl,3285925,Old Town/Chinatown,45.5307,-122.67607,Entire home/apt,99,3,100,21
22733624,Central condo in downtown PDX - Pet Friendly,9111756,Goose Hollow,45.522259999999996,-122.6875,Entire home/apt,55,30,10,207
22812568,Condo - walking distance to Pearl District,28811203,Pearl,45.530809999999995,-122.68525,Entire home/apt,149,7,22,180
23399594,"Waterfront Pearl District Condo w/Parking, Hot Tub",12575059,Old Town/Chinatown,45.53011,-122.67692,Entire home/apt,80,30,11,238
23791844,"Beautiful home in downtown Pearl, NW Portland",178534084,Pearl,45.52362,-122.68521000000001,Entire home/apt,275,2,56,334
24246229,Downtown Portland,182809960,Pearl,45.52528,-122.68672,Entire home/apt,105,1,8,352
24247931,Bright Victorian One Bedroom - Heart of Downtown,182824635,Portland Downtown,45.51556,-122.68587,Entire home/apt,125,30,145,121
24287431,Urban Uptown Glam Studio - 30+ day stays welcome,64990300,Goose Hollow,45.52203,-122.68881999999999,Entire home/apt,89,30,7,223
24556478,Downtown Portland with a View,5302649,Goose Hollow,45.52213,-122.69538999999999,Entire home/apt,100,31,7,143
24580354,Waterfront Condo living at McCormick Pier,176420764,Old Town/Chinatown,45.5294,-122.67348,Entire home/apt,87,30,45,13
24635402,Charming Victorian One Bedroom - Heart of Downtown,186181978,Portland Downtown,45.515229999999995,-122.68475,Entire home/apt,125,30,128,169
24652511,NW Portland Waterfront Condo - Amazing Location!,176219221,Old Town/Chinatown,45.52714,-122.67271000000001,Entire home/apt,100,30,8,92
24674950,Pearl condo on the river,48754857,Old Town/Chinatown,45.52685,-122.67251,Entire home/apt,80,30,6,300
24959216,Ideal One Bedroom Condo at Park Avenue West!,4962900,Portland Downtown,45.51977,-122.68033999999999,Entire home/apt,999,30,14,288
24959217,Deluxe One Bedroom Condo at Park Avenue West!,4962900,Portland Downtown,45.52046,-122.68071,Entire home/apt,999,30,5,299
24959218,Classy One Bedroom Condo at Park Avenue West!,4962900,Portland Downtown,45.519009999999994,-122.68155,Entire home/apt,999,30,10,298
24963489,Phenomenal Two Bedroom at Park Avenue West!,4962900,Portland Downtown,45.51915,-122.68208,Entire home/apt,999,30,31,291
25057254,Chez MAK - Large condo w/ balcony over the Pearl,189444467,Pearl,45.52795,-122.68196999999999,Entire home/apt,149,30,43,46
25553411,Best of the Pearl District,192789217,Pearl,45.53161,-122.68008,Entire home/apt,89,31,1,364
25580260,Furnished/well stocked/everything included,5123636,Lloyd District,45.53298,-122.65467,Entire home/apt,80,30,0,365
25892907,Downtown condo with free parking,32875749,Portland Downtown,45.51092,-122.68008999999999,Entire home/apt,80,30,1,169
26492035,Condo in Downtown with Beautiful View & Parking,199238749,Portland Downtown,45.510979999999996,-122.68058,Entire home/apt,70,21,6,293
27199036,Mayford Home Downtown – Gay host w/kitty assistant,9840711,Portland Downtown,45.51485,-122.68668000000001,Shared room,45,3,91,88
27370420,Beautiful Downtown View Condo!,43384036,Portland Downtown,45.51163,-122.67889,Entire home/apt,99,30,6,305
27894602,Historic Industrial Loft in the Pearl District,37317916,Pearl,45.526579999999996,-122.68536999999999,Entire home/apt,89,30,6,275
28609269,Modern Pearl PDX Condo,215918856,Pearl,45.53071,-122.67997,Entire home/apt,150,30,20,0
28687378,Entire Mayford Home (Downtown) w/ kitty assistant,9840711,Portland Downtown,45.51663,-122.68668999999998,Entire home/apt,100,1,23,98
28918730,Premium Portland Waterfront Condo -- w/Parking,27903183,Old Town/Chinatown,45.5294,-122.67362,Entire home/apt,110,30,2,352
29138357,Pearl district apt (downtown pdx),182809960,Pearl,45.52912,-122.68222,Entire home/apt,172,1,98,308
29159242,West End  Loft,210522729,Portland Downtown,45.521029999999996,-122.68495,Entire home/apt,150,3,32,304
29233940,Home Away Home in Downtown   High Raise,220235042,Portland Downtown,45.50969,-122.67913,Entire home/apt,92,30,1,156
29802762,Modern Eclectic Waterfront Digs,10547845,Old Town/Chinatown,45.52623,-122.67249,Entire home/apt,160,31,4,218
30689300,In the Heart of the Pearl District!! Location!!!,229616259,Pearl,45.53065,-122.68446000000002,Entire home/apt,139,2,44,315
30767792,"Elegant Condo, Stunning View of Downtown /Marina",140824224,Portland Downtown,45.50869,-122.67295,Entire home/apt,140,31,0,275
30888456,Streetcar Lofts in the Heart of the Pearl,21707201,Pearl,45.53119,-122.68212,Entire home/apt,90,30,1,229
31360996,Portland Pearl Penthouse,230130066,Pearl,45.53287,-122.68486999999999,Entire home/apt,400,2,3,365
31466805,Bedroom with a lovely view,375683,Old Town/Chinatown,45.52827,-122.67421000000002,Private room,59,30,1,362
31656663,High End Cozy Apartment in Pearl District,237351455,Pearl,45.5307,-122.681,Entire home/apt,88,30,75,10
31717654,Industrial Pearl District Loft - Free Parking,5241391,Pearl,45.53151,-122.68212,Entire home/apt,120,30,0,365
32358751,Charming Studio in Heart of Downtown,150483921,Portland Downtown,45.5195,-122.68178,Entire home/apt,79,30,0,358
32359858,Spacious Loft in Pearl District +Parking,161764432,Pearl,45.52851,-122.68664,Entire home/apt,84,120,0,286
32595167,Downtown Portland - 1 parking spot - Pool - Hottub,4539980,Old Town/Chinatown,45.53072,-122.67348999999999,Entire home/apt,115,30,13,122
32808619,"Luxury and Location Kings Hill
All new Jan., 2019  Over 1300 sq ft.
Walk to the best of urban Portland",25375592,Goose Hollow,45.52057,-122.6969,Entire home/apt,149,2,24,173
33017383,Pearl District Condos 1 BD 6,8534462,Pearl,45.531729999999996,-122.68647,Entire home/apt,190,30,1,31
33039528,Market Street Condos Studio 4,8534462,Portland Downtown,45.5155,-122.68636000000001,Entire home/apt,180,30,12,252
33039559,Couch St Condos 1BD 5,8534462,Pearl,45.5237,-122.68136000000001,Entire home/apt,190,30,0,315
33039579,Couch St Condos 1BD 6,8534462,Pearl,45.525059999999996,-122.68141000000001,Entire home/apt,190,30,4,299
33039605,Couch St Condos 1BD 9,8534462,Pearl,45.52303,-122.67962,Entire home/apt,190,30,7,307
33039627,Couch St Condos 1BD 8,8534462,Pearl,45.52373,-122.68131000000001,Entire home/apt,190,30,2,310
33039646,Couch St Condos 1BD 7,8534462,Pearl,45.5252,-122.68103,Entire home/apt,190,30,2,306
33039666,Couch St Condos 1BD 3,8534462,Pearl,45.5236,-122.67976000000002,Entire home/apt,190,30,1,309
33039690,Couch St Condos 1BD 2,8534462,Pearl,45.52348,-122.67962,Entire home/apt,190,30,2,300
33039721,Couch St Condos 1BD 4,8534462,Pearl,45.523579999999995,-122.68138,Entire home/apt,190,30,2,316
33039753,Couch St Condos Studio 2,8534462,Pearl,45.52456,-122.67925,Entire home/apt,180,30,4,309
33039779,100 Walkscore Pearl District Condos 3BD 1,8534462,Pearl,45.524429999999995,-122.6807,Entire home/apt,400,30,7,296
33039799,Couch St Condos 3BD 2,8534462,Pearl,45.52347,-122.67983999999998,Entire home/apt,400,30,9,294
33039830,Couch St Condos 2BD 3,8534462,Pearl,45.52427,-122.68012,Entire home/apt,330,30,2,303
33039858,Couch St Condos Studio 3,8534462,Pearl,45.52341,-122.67943999999999,Entire home/apt,180,30,6,298
33039876,Couch St Condos 2BD 2,8534462,Pearl,45.52497,-122.68006000000001,Entire home/apt,330,30,4,307
33039906,Couch St Condos 1BD 11,8534462,Pearl,45.52346,-122.67997,Entire home/apt,190,30,1,309
33039932,Couch St Condos 1BD 12,8534462,Pearl,45.52467,-122.68066,Entire home/apt,190,30,0,303
33039957,Couch St Condos Studio 6,8534462,Pearl,45.52323,-122.67948,Entire home/apt,180,30,2,316
33039979,Couch St Condos Studio 5,8534462,Pearl,45.52462,-122.68113000000001,Entire home/apt,180,30,11,305
33040001,Couch St Condos Studio 4,8534462,Pearl,45.525209999999994,-122.68151,Entire home/apt,180,30,8,315
33040020,Couch St Condos 2BD 4,8534462,Pearl,45.52322,-122.68106,Entire home/apt,330,30,0,307
33040046,Couch St Condos Studio 1,8534462,Pearl,45.5233,-122.681,Entire home/apt,180,30,4,311
33040072,Market Street Condos Studio 5,8534462,Portland Downtown,45.513909999999996,-122.68593999999999,Entire home/apt,180,30,7,245
33040100,Market Street Condos 2BD 8,8534462,Portland Downtown,45.51433,-122.68615,Entire home/apt,300,30,2,249
33040122,Downtown Lux Apartments 1BD 6 F,8534462,Portland Downtown,45.518809999999995,-122.68001000000001,Entire home/apt,225,30,0,100
33040711,Downtown Lux Apartments 1BD 5 F,8534462,Portland Downtown,45.51979,-122.68083999999999,Entire home/apt,225,30,7,96
33041659,Downtown Lux Apartments 2BD 3 F,8534462,Portland Downtown,45.51961,-122.68025,Entire home/apt,340,30,2,100
33041692,Downtown Lux Apartments 2BD 2 F,8534462,Portland Downtown,45.52004,-122.68068000000001,Entire home/apt,340,30,0,100
33041721,Downtown Lux Apartments 2BD F,8534462,Portland Downtown,45.51983,-122.68225,Entire home/apt,340,30,1,100
33041751,Downtown Lux Apartments 1BD 4 F,8534462,Portland Downtown,45.51878,-122.68195,Entire home/apt,225,30,0,100
33041787,Downtown Lux Apartments Studio 1BD 10 F,8534462,Portland Downtown,45.52023,-122.68058,Entire home/apt,190,30,6,46
33041820,Downtown Lux Apartments 1BD 2 F,8534462,Portland Downtown,45.519090000000006,-122.68131000000001,Entire home/apt,225,30,0,100
33041870,Downtown Lux Apartments 1BD F,8534462,Portland Downtown,45.5183,-122.68188,Entire home/apt,225,30,0,100
33041901,Market Street Condos Studio 2 F,8534462,Portland Downtown,45.51426,-122.68603999999999,Entire home/apt,180,30,0,247
33041930,Market Street Condos 2 BD 7 F,8534462,Portland Downtown,45.51365,-122.68753000000001,Entire home/apt,300,30,1,252
33041956,Market Street Condos 1 BD 2 F,8534462,Portland Downtown,45.51501,-122.68626,Entire home/apt,190,30,0,272
33041970,Market Street Condos 1 BD 5 F,8534462,Portland Downtown,45.515609999999995,-122.68772,Entire home/apt,190,30,0,252
33041994,Market Street Condos 2 BD 4 F,8534462,Portland Downtown,45.51389,-122.68581,Entire home/apt,300,30,0,252
33042022,Market Street Condos 2 BD 1 F,8534462,Portland Downtown,45.51378,-122.68602,Entire home/apt,300,30,0,252
33042047,Market Street Condos 1 BD 3 F,8534462,Portland Downtown,45.51427,-122.68763999999999,Entire home/apt,190,30,0,252
33042075,Market Street Condos 1 BD 6 F,8534462,Portland Downtown,45.5155,-122.68561000000001,Entire home/apt,190,30,1,272
33042103,Market Street Condos 2 BD 2 F,8534462,Portland Downtown,45.51509,-122.6871,Entire home/apt,300,30,0,252
33042122,Market Street Condos 2 BD 3 F,8534462,Portland Downtown,45.51555,-122.68758000000001,Entire home/apt,300,30,0,252
33042156,Downtown Lux Apartments 1BD 6,8534462,Portland Downtown,45.518609999999995,-122.68051000000001,Entire home/apt,225,30,4,85
33042176,Downtown Lux Apartments 1BD 2,8534462,Portland Downtown,45.52048,-122.68228,Entire home/apt,225,30,0,88
33042705,Couch St Condos 1BD 10,8534462,Pearl,45.5235,-122.68063000000001,Entire home/apt,190,30,9,284
33043351,Couch St Condos 1BD 14,8534462,Pearl,45.525059999999996,-122.68113999999998,Entire home/apt,190,30,3,275
33043371,Couch St Condos 1BD 13,8534462,Pearl,45.52381,-122.68118999999999,Entire home/apt,190,30,4,316
33043391,Couch St Condos 2BD 1,8534462,Pearl,45.5244,-122.67998999999999,Entire home/apt,330,30,0,314
33043416,Downtown Portland Apartments 1BD3,8534462,Portland Downtown,45.51512,-122.68213999999999,Entire home/apt,190,30,0,316
33043445,Downtown Portland Apartments 2BD3,8534462,Portland Downtown,45.51596,-122.68302,Entire home/apt,330,30,0,316
33043468,Downtown Portland Apartments 1BD2,8534462,Portland Downtown,45.51665,-122.68141999999999,Entire home/apt,190,30,1,286
33043493,Downtown Portland Apartments Studio 2 F,8534462,Portland Downtown,45.51482,-122.68286,Entire home/apt,180,30,0,316
33043507,Downtown Portland Apartments 1BD4,8534462,Portland Downtown,45.51463,-122.68338999999999,Entire home/apt,190,30,0,316
33043534,Downtown Portland Apartments 1BD1,8534462,Portland Downtown,45.51672,-122.68342,Entire home/apt,190,30,0,316
33043563,Downtown Portland Apartments Studio 3 F,8534462,Portland Downtown,45.51648,-122.68218999999999,Entire home/apt,180,30,0,316
33043587,Downtown Portland Apartments Studio 1 F,8534462,Portland Downtown,45.5149,-122.68125,Entire home/apt,180,30,0,316
33043617,Downtown Portland Apartments 2BD2,8534462,Portland Downtown,45.51611,-122.68167,Entire home/apt,330,30,0,316
33043635,Downtown Portland Apartments 2BD1,8534462,Portland Downtown,45.51535,-122.68292,Entire home/apt,330,30,0,316
33043654,Pearl District Condos Studio 3,8534462,Pearl,45.52789,-122.68441000000001,Entire home/apt,180,30,3,275
33043680,Pearl District Condos Studio 4,8534462,Pearl,45.52877,-122.68409,Entire home/apt,180,30,4,270
33043701,Pearl District Condos Studio 2,8534462,Pearl,45.527029999999996,-122.68409,Entire home/apt,180,30,1,177
33043720,Downtown Lux Apartments 2BD 3,8534462,Portland Downtown,45.51892,-122.68218999999999,Entire home/apt,340,30,1,100
33043749,Downtown Lux Apartment 2BD 2,8534462,Portland Downtown,45.519040000000004,-122.67992,Entire home/apt,340,30,3,97
33043762,Downtown Lux Apartments 1BD 5,8534462,Portland Downtown,45.518609999999995,-122.68226999999999,Entire home/apt,225,30,7,89
33043887,Pearl District Condos 1 BD 5 F3,8534462,Pearl,45.53051,-122.68632,Entire home/apt,190,30,1,267
33043905,Couch St Condos 1BD 1,8534462,Pearl,45.52309,-122.67985,Entire home/apt,190,30,0,284
33043959,Pearl District Condos 1 BD 5,8534462,Pearl,45.53,-122.6858,Entire home/apt,190,30,0,267
33043981,Pearl District Condos 1 BD 2,8534462,Pearl,45.53098,-122.68303,Entire home/apt,190,30,0,52
33043996,Pearl District Condos 1 BD 4,8534462,Pearl,45.52966,-122.68481000000001,Entire home/apt,190,30,0,268
33044007,Pearl District Condos 1 BD 3,8534462,Pearl,45.53028,-122.68392,Entire home/apt,190,30,0,45
33044026,Market Street Condos 2 BD 7,8534462,Portland Downtown,45.51396,-122.68746999999999,Entire home/apt,300,30,3,218
33044068,Market Street Condos 1 BD 2,8534462,Portland Downtown,45.51338,-122.68713000000001,Entire home/apt,190,30,0,247
33044094,Market Street Condos 1 BD 5,8534462,Portland Downtown,45.515640000000005,-122.68603,Entire home/apt,190,30,2,249
33044115,Market Street Condos Studio 3,8534462,Portland Downtown,45.5154,-122.68635,Entire home/apt,180,30,3,259
33044135,Market Street Condos 2 BD 4,8534462,Portland Downtown,45.5134,-122.68695,Entire home/apt,300,30,3,247
33044150,Market Street Condos 2 BD 5,8534462,Portland Downtown,45.51531,-122.68633999999999,Entire home/apt,300,30,1,272
33044173,Market Street Condos 2 BD 1,8534462,Portland Downtown,45.514829999999996,-122.68553999999999,Entire home/apt,300,30,2,252
33044202,Market Street Condos 1 BD 3,8534462,Portland Downtown,45.51432,-122.68749,Entire home/apt,190,30,1,252
33044224,Market Street Condos 1 BD 6,8534462,Portland Downtown,45.51428,-122.68695,Entire home/apt,190,30,1,272
33044241,Market Street Condos 1 BD 1,8534462,Portland Downtown,45.51511,-122.68637,Entire home/apt,190,30,0,270
33044264,Market Street Condos 2 BD 6,8534462,Portland Downtown,45.51396,-122.68713000000001,Entire home/apt,300,30,8,249
33044283,Market Street Condos 2 BD 2,8534462,Portland Downtown,45.51354,-122.68713000000001,Entire home/apt,300,30,1,252
33044309,Market Street Condos 2 BD 3,8534462,Portland Downtown,45.51543,-122.68585,Entire home/apt,300,30,11,242
33044378,Market Street Condos Studio 2,8534462,Portland Downtown,45.51435,-122.68621,Entire home/apt,180,30,5,263
33044486,Couch St Condos 1BD 1 F2,8534462,Portland Downtown,45.51672,-122.68335,Entire home/apt,190,30,0,316
33044581,Couch St Condos Studio 4 F2,8534462,Portland Downtown,45.51485,-122.68212,Entire home/apt,180,30,0,316
33044604,Couch St Condos 2BD 4 F2,8534462,Portland Downtown,45.51628,-122.68208,Entire home/apt,330,30,0,316
33044624,Couch St Condos Studio 1 F2,8534462,Portland Downtown,45.515370000000004,-122.68177,Entire home/apt,180,30,0,316
33044711,Couch St Condos 1BD 5 F2,8534462,Portland Downtown,45.516059999999996,-122.68157,Entire home/apt,190,30,0,316
33044742,Couch St Condos 1BD 6 F2,8534462,Portland Downtown,45.5163,-122.6818,Entire home/apt,190,30,0,316
33044764,Couch St Condos 1BD 9 F2,8534462,Portland Downtown,45.516059999999996,-122.68356999999999,Entire home/apt,190,30,0,316
33044787,Couch St Condos 1BD 8 F2,8534462,Portland Downtown,45.51471,-122.68266000000001,Entire home/apt,190,30,0,316
33044810,Couch St Condos 1BD 10 F2,8534462,Portland Downtown,45.51442,-122.6821,Entire home/apt,190,30,0,316
33044831,Couch St Condos 1BD 14 F2,8534462,Portland Downtown,45.51661,-122.68168,Entire home/apt,190,30,0,316
33044859,Couch St Condos 1BD 13 F2,8534462,Portland Downtown,45.5145,-122.68328000000001,Entire home/apt,190,30,0,316
33044892,Couch St Condos 2BD 1 F2,8534462,Portland Downtown,45.5145,-122.6817,Entire home/apt,330,30,0,316
33044920,Couch St Condos 1BD 4 F2,8534462,Portland Downtown,45.51618,-122.68148000000001,Entire home/apt,190,30,0,316
33044955,Couch St Condos Studio 2 F2,8534462,Portland Downtown,45.514540000000004,-122.68181000000001,Entire home/apt,180,30,0,316
33044975,Couch St Condos 2BD 3 F2,8534462,Portland Downtown,45.51538,-122.68263999999999,Entire home/apt,330,30,0,316
33044989,Couch St Condos Studio 3 F2,8534462,Portland Downtown,45.51619,-122.6829,Entire home/apt,180,30,0,316
33045108,Couch St Condos 1BD 7 F2,8534462,Portland Downtown,45.515859999999996,-122.68163,Entire home/apt,190,30,0,316
33045122,Couch St Condos 1BD 3 F2,8534462,Portland Downtown,45.51533,-122.6829,Entire home/apt,190,30,0,316
33045143,Couch St Condos 1BD 2 F2,8534462,Portland Downtown,45.51506,-122.68312,Entire home/apt,190,30,0,316
33045280,Couch St Condos 2BD 2 F2,8534462,Portland Downtown,45.51488,-122.68356999999999,Entire home/apt,330,30,0,316
33045295,Couch St Condos 1BD 11 F2,8534462,Portland Downtown,45.51627,-122.68356000000001,Entire home/apt,190,30,0,316
33045320,Couch St Condos 1BD 12 F2,8534462,Portland Downtown,45.5149,-122.6833,Entire home/apt,190,30,0,316
33045339,Couch St Condos Studio 6 F2,8534462,Portland Downtown,45.516090000000005,-122.68133999999999,Entire home/apt,180,30,1,316
33045351,Couch St Condos Studio 5 F2,8534462,Portland Downtown,45.51453,-122.68351000000001,Entire home/apt,180,30,0,316
33045456,Modern Luxury Apartments 1 BD 4 F2,8534462,Portland Downtown,45.51571,-122.68336000000001,Entire home/apt,190,30,0,283
33045599,Downtown Lux Apartments 1BD 5 F2,8534462,Portland Downtown,45.51243,-122.6845,Entire home/apt,225,30,1,100
33045700,Pearl District Condos 1 BD 1 F3,8534462,Pearl,45.53001,-122.6856,Entire home/apt,190,30,5,0
33045728,Pearl District Condos 1 BD 6 F3,8534462,Pearl,45.53013,-122.68603999999999,Entire home/apt,190,30,6,40
33045753,Pearl District Condos 1 BD 2 F3,8534462,Pearl,45.53175,-122.68695,Entire home/apt,190,30,2,52
33045763,100 Walkscore Pearl District Condos 1BD 11 F,8534462,Pearl,45.52337,-122.67985,Entire home/apt,190,30,2,314
33045782,100 Walkscore Pearl District Condos 1BD 12 F,8534462,Pearl,45.524640000000005,-122.67938000000001,Entire home/apt,190,30,4,301
33045797,100 Walkscore Pearl DIstrict Condos Studio 6 F,8534462,Pearl,45.524390000000004,-122.6795,Entire home/apt,180,30,2,316
33045816,100 Walkscore Pearl District Condos Studio 5 F,8534462,Pearl,45.523720000000004,-122.68146000000002,Entire home/apt,180,30,1,311
33045840,100 Walkscore Pearl District Condos Studio 4 F,8534462,Pearl,45.523109999999996,-122.68146000000002,Entire home/apt,180,30,0,314
33045856,100 Walkscore Pearl District Condos 2BD 4 F,8534462,Pearl,45.523540000000004,-122.67963,Entire home/apt,330,30,1,316
33045872,100 Walkscore Pearl District Condos Studio 1 F,8534462,Pearl,45.52427,-122.67947,Entire home/apt,180,30,2,316
33045890,100 Walkscore Pearl District Condos 1BD 10 F,8534462,Pearl,45.52373,-122.68121000000001,Entire home/apt,190,30,0,316
33045911,100 Walkscore Pearl District Condos 1BD 14 F,8534462,Pearl,45.52353,-122.68121000000001,Entire home/apt,190,30,3,283
33045932,100 Walkscore Pearl District Condos 1BD 13 F,8534462,Pearl,45.52343,-122.68073999999999,Entire home/apt,190,30,0,315
33045942,100 Walkscore Pearl District Condos 2BD 1 F,8534462,Pearl,45.524570000000004,-122.6795,Entire home/apt,330,30,0,316
33045958,100 Walkscore Pearl District Condos 1BD 1 F,8534462,Pearl,45.52446,-122.68128999999999,Entire home/apt,190,30,0,316
33045974,Pearl District Condos Studio 3 F,8534462,Pearl,45.52791,-122.68596000000001,Entire home/apt,180,30,1,283
33045990,Market Street Condos Studio 3 F,8534462,Portland Downtown,45.51517,-122.6871,Entire home/apt,180,30,1,272
33046009,Modern Luxury Apartments 2 BD 1 F,8534462,Portland Downtown,45.51636,-122.6825,Entire home/apt,300,30,2,211
33046021,Modern Luxury Apartments 2 BD F,8534462,Portland Downtown,45.51624,-122.68173999999999,Entire home/apt,300,30,0,209
33046033,Modern Luxury Apartments Open 1 BD F,8534462,Portland Downtown,45.515679999999996,-122.68211000000001,Entire home/apt,190,30,5,187
33046046,Modern Luxury Apartments 1 BD F,8534462,Portland Downtown,45.516490000000005,-122.68157,Entire home/apt,190,30,0,206
33046061,Modern Luxury Apartments 1 BD 2 F,8534462,Portland Downtown,45.51657,-122.68203000000001,Entire home/apt,190,30,1,262
33046075,Modern Luxury Apartments 1 BD 4 F,8534462,Portland Downtown,45.516020000000005,-122.68299999999999,Entire home/apt,190,30,0,283
33046090,Pearl District Condos Studio 4 F,8534462,Pearl,45.52732,-122.6846,Entire home/apt,180,30,2,283
33046104,Pearl District Condos Studio 2 F,8534462,Pearl,45.52775,-122.68493000000001,Entire home/apt,180,30,0,180
33046160,100 Walkscore Pearl District Condos 1BD 3 F,8534462,Pearl,45.52365,-122.68126000000001,Entire home/apt,190,30,1,316
33046171,100 Walkscore Pearl District Condos 1BD 2 F,8534462,Pearl,45.52329,-122.68,Entire home/apt,190,30,0,312
33046194,100 Walkscore Pearl District Condos 1BD 4 F,8534462,Pearl,45.524429999999995,-122.67926999999999,Entire home/apt,190,30,0,316
33046213,100 Walkscore Pearl District Condos Studio 2 F,8534462,Pearl,45.523509999999995,-122.6798,Entire home/apt,180,30,1,316
33046228,100 Walkscore Pearl District Condos 2BD 3 F,8534462,Pearl,45.52377,-122.68076,Entire home/apt,330,30,1,316
33046244,100 Walkscore Pearl District Condos Studio 3 F,8534462,Pearl,45.52347,-122.68008,Entire home/apt,180,30,0,316
33046263,100 Walkscore Pearl District Condos 2BD 2 F,8534462,Pearl,45.52473,-122.67988999999999,Entire home/apt,330,30,6,310
33046284,100 Walkscore Pearl District Condos 1BD 5 F,8534462,Pearl,45.52317,-122.68085,Entire home/apt,190,30,0,316
33046307,100 Walkscore Pearl District Condos 1BD 6 F,8534462,Pearl,45.52337,-122.68072,Entire home/apt,190,30,0,316
33046326,100 Walkscore Pearl District Condos 1BD 9 F,8534462,Pearl,45.52309,-122.67973,Entire home/apt,190,30,1,316
33046348,100 Walkscore Pearl District Condos 1BD 8 F,8534462,Pearl,45.52305,-122.68088,Entire home/apt,190,30,1,316
33046364,100 Walkscore Pearl District Condos 1BD 7 F,8534462,Pearl,45.52333,-122.68064,Entire home/apt,190,30,0,315
33046379,Market Street Condos 1 BD 1 F,8534462,Portland Downtown,45.51546,-122.68555,Entire home/apt,190,30,0,272
33046390,Market Street Condos 2 BD 6 F,8534462,Portland Downtown,45.51517,-122.68775,Entire home/apt,300,30,0,249
33046407,Market Street Condos 2 BD 5 F,8534462,Portland Downtown,45.51378,-122.68646000000001,Entire home/apt,300,30,0,272
33046419,Market Street Condos Studio 1 F,8534462,Portland Downtown,45.51552,-122.6865,Entire home/apt,180,30,1,272
33046432,Pearl District Condos 1 BD 5 F,8534462,Pearl,45.53025,-122.68332,Entire home/apt,190,30,0,156
33046445,Pearl District Condos 1 BD 4 F,8534462,Pearl,45.529720000000005,-122.68328000000001,Entire home/apt,190,30,0,156
33046462,Pearl District Condos 1 BD 1 F,8534462,Pearl,45.530159999999995,-122.6829,Entire home/apt,190,30,0,100
33046489,Pearl District Condos 1 BD 6 F,8534462,Pearl,45.531079999999996,-122.68641000000001,Entire home/apt,190,30,1,100
33046505,Pearl District Condos 1 BD 2 F,8534462,Pearl,45.52978,-122.68638999999999,Entire home/apt,190,30,0,100
33046513,Pearl District Condos 1 BD 3 F,8534462,Pearl,45.5313,-122.6834,Entire home/apt,190,30,0,100
33046549,Downtown Lux Apartments 1BD,8534462,Portland Downtown,45.52013,-122.68173,Entire home/apt,225,30,3,56
33046571,Downtown Lux Apartments 2BD,8534462,Portland Downtown,45.5189,-122.68158999999999,Entire home/apt,340,30,3,100
33166512,Center Guest Suite,129804065,Portland Downtown,45.51867,-122.68013,Entire home/apt,250,30,0,365
33619387,*NEW “Roma’s Place” : Historic Little City House ~,28688984,Portland Downtown,45.50871,-122.68281,Entire home/apt,146,2,19,156
33663000,Peaceful Park Abode,52419051,Pearl,45.52599,-122.67853999999998,Entire home/apt,68,30,2,235
34176428,"Portland Waterfront Park, 1-Bedroom #1",10981379,Old Town/Chinatown,45.51992,-122.67036999999999,Entire home/apt,162,30,0,1
34254663,"Portland Waterfront Park, 1-Bedroom #2",10981379,Old Town/Chinatown,45.521570000000004,-122.67227,Entire home/apt,162,30,0,1
34255660,"Portland Waterfront Park, 1-Bedroom Z #1",10981379,Portland Downtown,45.51798,-122.67286999999999,Entire home/apt,162,30,0,0
34255678,"Portland Waterfront Park, 1-Bedroom Z #2",10981379,Old Town/Chinatown,45.52155,-122.67045,Entire home/apt,162,30,0,0
34257735,"Portland Waterfront Park, 1-Bedroom Pent #1",10981379,Old Town/Chinatown,45.519659999999995,-122.6716,Entire home/apt,179,30,0,12
34257737,"Portland Waterfront Park, 1-Bedroom Pent Z #1",10981379,Old Town/Chinatown,45.52171,-122.67071999999999,Entire home/apt,179,30,0,5
34257763,"Portland Waterfront Park, 1-Bedroom Pent SN #1",10981379,Portland Downtown,45.51945,-122.6715,Entire home/apt,179,30,0,8
34257770,"Portland Waterfront Park, 1-Bedroom Pent S #1",10981379,Old Town/Chinatown,45.52135,-122.67206000000002,Entire home/apt,179,30,0,0
34282925,"Portland Waterfront Park, 1-Bedroom Pres #1",10981379,Old Town/Chinatown,45.521609999999995,-122.67048,Entire home/apt,260,30,0,16
34282929,"Portland Waterfront Park, 1-Bedroom Pres SN #1",10981379,Old Town/Chinatown,45.520379999999996,-122.67183,Entire home/apt,260,30,0,5
34282945,"Portland Waterfront Park, 1-Bedroom Pres Z #1",10981379,Old Town/Chinatown,45.5215,-122.67023,Entire home/apt,260,30,0,6
34282951,"Portland Waterfront Park, 1-Bedroom Pres S #1",10981379,Old Town/Chinatown,45.519859999999994,-122.67055,Entire home/apt,260,30,0,0
34285215,"Portland Waterfront Park, 2-Bedroom Pres #1",10981379,Old Town/Chinatown,45.51993,-122.6707,Entire home/apt,295,30,0,5
34285219,"Portland Waterfront Park, 2-Bedroom Pres Z #1",10981379,Old Town/Chinatown,45.51981,-122.67159,Entire home/apt,295,30,0,0
34285228,"Portland Waterfront Park, 2-Bedroom Pres SN #1",10981379,Old Town/Chinatown,45.52041,-122.67204,Entire home/apt,295,30,0,1
34288192,"Portland Waterfront Park, Studio #1",10981379,Old Town/Chinatown,45.519859999999994,-122.67093,Entire home/apt,135,30,0,44
34288207,"Portland Waterfront Park, Studio Z #1",10981379,Old Town/Chinatown,45.51998,-122.67036999999999,Entire home/apt,135,30,0,42
34288788,"Portland Waterfront Park, Studio Penthouse #1",10981379,Old Town/Chinatown,45.52175,-122.6702,Entire home/apt,153,30,0,45
34288794,"Portland Waterfront Park, Studio Penthouse Z #1",10981379,Old Town/Chinatown,45.52125,-122.67164,Entire home/apt,153,30,1,38
34288798,"Portland Waterfront Park, Studio Penthouse SN #1",10981379,Old Town/Chinatown,45.520070000000004,-122.67188999999999,Entire home/apt,153,30,0,34
34288802,"Portland Waterfront Park, Studio Penthouse S #1",10981379,Old Town/Chinatown,45.52142,-122.67026000000001,Entire home/apt,153,30,0,0
34364058,Waterfront District Studio in Downtown Portland,26482762,Old Town/Chinatown,45.521,-122.6723,Entire home/apt,144,30,0,235
34396718,Gem in the Pearl District,20828305,Pearl,45.532059999999994,-122.68513999999999,Entire home/apt,95,30,3,0
34644446,Portland Waterfront studio/1bedroom unit.,103427,Old Town/Chinatown,45.520070000000004,-122.6709,Entire home/apt,325,30,0,365
34837166,Goose Hollow Cozy Condo,56234554,Goose Hollow,45.51746,-122.69573000000001,Entire home/apt,120,2,6,16
35155827,NEW - Big contemporary in a historic train station,264765755,Pearl,45.52787,-122.6816,Entire home/apt,167,31,0,124
35301751,"British style bed and breakfast downtown PDX, #2",8207605,Portland Downtown,45.51677,-122.68656999999999,Private room,49,1,5,163
35718686,Micro-Studio in Downtown Portland - Great Location,268669441,Portland Downtown,45.520340000000004,-122.68383,Entire home/apt,111,30,19,0
35805930,"Sentinel, Accessible Deluxe Queen",268188940,Portland Downtown,45.52165,-122.68128,Private room,139,1,0,17
35831134,"Sentinel, Accessible Deluxe Queen Roll-In Shower",268188940,Portland Downtown,45.51998,-122.68122,Private room,139,1,0,21
35831253,"Sentinel, Deluxe Queen",268188940,Portland Downtown,45.51938,-122.68198000000001,Private room,139,1,0,27
35831322,"Sentinel, Deluxe King",268188940,Portland Downtown,45.51947,-122.6818,Private room,159,1,0,105
35831403,"Sentinel, Premier King",268188940,Portland Downtown,45.52012,-122.68206,Private room,169,1,0,16
35831710,"Sentinel, Premier Two Double Beds",268188940,Portland Downtown,45.52035,-122.68263999999999,Private room,169,1,0,19
35831976,"Sentinel, Premier Corner King",268188940,Portland Downtown,45.52117,-122.68257,Private room,189,1,0,19
35832083,"Sentinel, Executive Terrace Queen",268188940,Portland Downtown,45.52174,-122.68139,Private room,199,1,0,23
35832193,"Sentinel, Parlor Suite King",268188940,Portland Downtown,45.52133,-122.68297,Private room,219,1,0,19
35832320,"Sentinel, Terrace Studio Suite King",268188940,Portland Downtown,45.51997,-122.68163999999999,Private room,339,1,0,17
35832395,"Sentinel, Bridgetown Parlor Suite King",268188940,Portland Downtown,45.52162,-122.68281999999999,Private room,339,1,0,16
35912469,"Hotel deLuxe, deLuxe Queen",268592756,Goose Hollow,45.52001,-122.68693999999999,Private room,109,1,2,24
35912849,"Hotel deLuxe, deLuxe King",268592756,Goose Hollow,45.52191,-122.6881,Private room,119,1,0,19
35913006,"Hotel deLuxe, Premium Queen",268592756,Goose Hollow,45.521879999999996,-122.68659,Private room,119,1,0,15
35913129,"Hotel deLuxe, Premium King",268592756,Goose Hollow,45.52185,-122.68697,Private room,119,1,0,14
35913196,"Hotel deLuxe, Accessible Two Queen Beds",268592756,Goose Hollow,45.52162,-122.6884,Private room,159,1,0,18
35913241,"Hotel deLuxe, Accessible Two Queen Roll-In Shower",268592756,Goose Hollow,45.52017,-122.68847,Private room,159,1,0,14
35913326,"Hotel deLuxe, Premium Two Queen Beds",268592756,Goose Hollow,45.52067,-122.68652,Private room,159,1,0,19
35913379,"Hotel deLuxe, Premier Suite Queen",268592756,Goose Hollow,45.52187,-122.68801,Private room,189,1,0,16
35913429,"Hotel deLuxe, Studio Suite King",268592756,Goose Hollow,45.52032,-122.68796,Private room,169,1,0,14
35913469,"Hotel deLuxe, Premier Suite King",268592756,Goose Hollow,45.52,-122.68883999999998,Private room,209,1,0,16
35913531,"Hotel deLuxe, Marlene Dietrich Suite",268592756,Goose Hollow,45.520070000000004,-122.68803999999999,Private room,259,1,0,12
35913719,"Streetcar Lofts Condo - View, Parking, AC!",270127093,Pearl,45.531000000000006,-122.68366999999999,Entire home/apt,115,31,1,240
35918101,"Heathman Hotel, Deluxe Queen",267675881,Portland Downtown,45.51757,-122.68196,Private room,139,1,0,17
35918271,"Heathman Hotel, Accessible Queen",267675881,Portland Downtown,45.51647,-122.68066,Private room,139,1,0,24
35918330,"Heathman Hotel, Deluxe King",267675881,Portland Downtown,45.51635,-122.68198999999998,Private room,139,1,0,25
35918361,"Heathman Hotel, Premier King",267675881,Portland Downtown,45.51827,-122.68001000000001,Private room,139,1,1,35
35918463,"Heathman Hotel, Corner King",267675881,Portland Downtown,45.51809,-122.68138,Private room,149,1,0,45
35918517,"Heathman Hotel, Two Double Beds",267675881,Portland Downtown,45.51621,-122.67993,Private room,149,1,0,22
35918550,"Heathman Hotel, Accessible King",267675881,Portland Downtown,45.518190000000004,-122.68224,Private room,139,1,0,25
35918599,"Heathman Hotel, Accessible Two Double Bed Suite",267675881,Portland Downtown,45.51639,-122.68191000000002,Private room,149,1,0,21
35918641,"Heathman Hotel, One Bedroom Suite",267675881,Portland Downtown,45.517720000000004,-122.68177,Private room,186,1,0,29
35918674,"Heathman Hotel, Studio Suite",267675881,Portland Downtown,45.51616,-122.68161,Private room,186,1,0,19
35918695,"Heathman Hotel, Grand Suite",267675881,Portland Downtown,45.51632,-122.682,Private room,421,1,0,17
35919135,"Hotel Lucia,Accessible Deluxe Queen Roll-In Shower",267899000,Portland Downtown,45.52002,-122.67786000000001,Private room,139,1,0,24
35919287,"Hotel Lucia, Deluxe Queen",267899000,Portland Downtown,45.52165,-122.67915,Private room,139,1,1,35
35919333,"Hotel Lucia, Premium Queen",267899000,Portland Downtown,45.52202,-122.67931000000002,Private room,149,1,0,14
35919378,"Hotel Lucia, Deluxe King",267899000,Portland Downtown,45.52216,-122.67745,Private room,159,1,0,19
35919416,"Hotel Lucia, Premium King",267899000,Portland Downtown,45.52029,-122.67761000000002,Private room,169,1,0,17
35919458,"Hotel Lucia, Deluxe Two Double Beds",267899000,Portland Downtown,45.52147,-122.67736000000001,Private room,179,1,0,18
35919533,"Hotel Lucia, Superior King",267899000,Portland Downtown,45.521809999999995,-122.67738999999999,Private room,239,1,0,15
35919579,"Hotel Lucia, Junior Suite King",267899000,Portland Downtown,45.5218,-122.67797,Private room,289,1,0,17
35919638,"Hotel Lucia, Gallery Suite",267899000,Portland Downtown,45.52183,-122.67795,Private room,559,1,0,16
36038245,"The Hoxton Portland, Cosy Room",240481942,Old Town/Chinatown,45.52404,-122.67426,Private room,1000,1,0,364
36102931,Old Town Tropical Lounge,271565231,Old Town/Chinatown,45.52361,-122.66973,Private room,100,2,42,32
36199575,"Hotel Rose, Cityscape Balcony King",270114277,Portland Downtown,45.51763,-122.67286999999999,Private room,149,1,0,29
36199672,"Hotel Rose, Cityscape Balcony Two Doubles",270114277,Portland Downtown,45.5171,-122.67383999999998,Private room,149,1,1,25
36199745,"Hotel Rose, Cityscape King",270114277,Portland Downtown,45.51722,-122.67418,Private room,109,1,0,25
36199830,"Hotel Rose, Metro View King",270114277,Portland Downtown,45.51624,-122.67348,Private room,109,1,1,31
36200025,"Hotel Rose,King bed Mobility Accessible w/shower",270114277,Portland Downtown,45.51644,-122.67218000000001,Private room,109,1,0,27
36200233,"Hotel Rose,King bed Mobility Accessible w/Tub",270114277,Portland Downtown,45.516909999999996,-122.67258000000001,Private room,109,1,0,31
36200341,"Hotel Rose, Metro View King Suite",270114277,Portland Downtown,45.51722,-122.67408,Private room,229,1,0,27
36200434,"Hotel Rose, Metro View Two Doubles",270114277,Portland Downtown,45.51681,-122.67437,Private room,119,1,0,28
36200533,"Hotel Rose, Suite of Roses Mobility Accessible",270114277,Portland Downtown,45.51851,-122.67232,Private room,229,1,0,27
36200612,"Hotel Rose, Waterfront King",270114277,Portland Downtown,45.51637,-122.67371999999999,Private room,129,1,0,27
36200673,"Hotel Rose, Waterfront Queen",270114277,Portland Downtown,45.518359999999994,-122.67273,Private room,109,1,1,38
36200927,"Hotel Rose, Waterfront Two Doubles",270114277,Portland Downtown,45.5179,-122.6744,Private room,119,1,2,35
36623862,"The Hoxton Portland, Roomy 2 Queen Beds",240481942,Old Town/Chinatown,45.52413,-122.6738,Private room,1000,1,0,365
36701090,Comfort!!   King room/Downtown/pearl,231707604,Pearl,45.527409999999996,-122.68382,Private room,55,1,29,44
36701278,Large room!! Private Bath!! King Bed!!  Pearl Dist,231707604,Pearl,45.53083,-122.68348999999999,Private room,65,1,22,47
37097132,"PDX  River Waterfront Park Studio, slps 2, 1 bed",4385059,Old Town/Chinatown,45.52173,-122.67173000000001,Entire home/apt,200,30,0,90
37179731,"PDX Waterfront Pk Studio Penthouse, slps2, 1 bed",4385059,Old Town/Chinatown,45.51958,-122.6704,Entire home/apt,200,30,0,0
37376010,Central Portland Pad,33837334,Lloyd District,45.53372,-122.65733999999999,Private room,40,2,2,0
37398212,Cozy living in Downtown,253320740,Portland Downtown,45.513940000000005,-122.68473999999999,Entire home/apt,125,1,2,232
37462996,"Safe and cozy apt In the Pearl , location !!!",126365217,Pearl,45.53242,-122.68016999999999,Entire home/apt,180,30,2,365
37491101,Entire studio apartment/ pearl distract,44482629,Pearl,45.53245,-122.68533000000001,Entire home/apt,79,1,9,1
37571229,Beautiful location in Center of Downtown!,213017826,Portland Downtown,45.51358,-122.68603999999999,Entire home/apt,149,1,24,145
37802360,Highrise Condo Downtown w/ City Views!,286093997,Portland Downtown,45.515240000000006,-122.68678,Entire home/apt,79,30,0,0
37997366,Market Street Condos Studio 9,8534462,Portland Downtown,45.51482,-122.68568,Entire home/apt,180,30,4,259
37999941,Market Street Condos Studio 6,8534462,Portland Downtown,45.515159999999995,-122.68581999999999,Entire home/apt,180,30,0,272
38045239,New and Fascinating 2 bedroom Apt in Downtown PDX,288678355,Pearl,45.53497,-122.68581,Entire home/apt,104,1,7,312
38216708,New Luxurious 2 Bedroom Apartment in Downtown PDX,290237549,Pearl,45.53505,-122.68606000000001,Entire home/apt,131,1,1,343
38423858,2 bed 1 bath luxury living in Downtown PDX,186281343,Pearl,45.533570000000005,-122.68543000000001,Entire home/apt,200,1,3,365
38427357,Downtown PDX Spacious 2 bed Apt for up to 6 guests,288683860,Pearl,45.534240000000004,-122.68524,Entire home/apt,143,1,5,365
38453043,Spacious and Gorgeous 2BR Apt in Downtown Portland,288683860,Pearl,45.53147,-122.68642,Entire home/apt,240,1,4,365
38491625,"Portland Waterfront Park, Studio Penthouse Z #3",10981379,Old Town/Chinatown,45.52084,-122.67102,Entire home/apt,153,30,0,38
38491907,"Portland Waterfront Park, Studio Penthouse Z #2",10981379,Old Town/Chinatown,45.519940000000005,-122.67185,Entire home/apt,153,30,0,38
38579538,Portland Waterfront Park Resort,7621791,Portland Downtown,45.51209,-122.67545,Entire home/apt,245,2,0,4
38694437,Rare Condo in the Pearl,54902532,Pearl,45.53267,-122.68386000000001,Entire home/apt,150,2,7,39
38818886,Stunning Waterfront Pearl Condo,27482163,Pearl,45.53208,-122.67806999999999,Entire home/apt,170,90,0,364
38901218,"Harlow Hotel, Deluxe Corner King Park View",267888134,Pearl,45.525909999999996,-122.67896,Private room,139,1,0,27
38901330,"Harlow Hotel, Deluxe Corner Queen Park View",267888134,Pearl,45.52555,-122.67906,Private room,139,1,2,21
38901371,"Harlow Hotel, Deluxe King City View",267888134,Pearl,45.52623,-122.67844,Private room,139,1,0,18
38901419,"Harlow Hotel, Deluxe Queen Courtyard View",267888134,Pearl,45.52684,-122.6789,Private room,139,1,0,18
38901466,"Harlow Hotel, Executive King City View",267888134,Pearl,45.52558,-122.67766999999999,Private room,149,1,1,31
38901579,"Harlow Hotel, Signature Double Twin Courtyard",267888134,Pearl,45.52564,-122.67921000000001,Private room,119,1,0,26
38901626,"Harlow Hotel, Signature King City View",267888134,Pearl,45.52558,-122.6777,Private room,129,1,1,45
38901688,"Harlow Hotel, Signature Queen City View",267888134,Pearl,45.52574,-122.67898000000001,Private room,129,1,1,35
38904027,Cozy apartment in the heart of pearl District PDX,190871371,Pearl,45.52677,-122.68118999999999,Entire home/apt,125,30,16,90
38930576,Gorgeous Retreat in the Heart of the Pearl,125728080,Pearl,45.52771,-122.6813,Entire home/apt,89,90,0,275
39037465,Burnside Suites: Private 3rd Floor Apartment,299148958,Portland Downtown,45.52217,-122.67482,Entire home/apt,299,1,4,82
39107327,Quiet peaceful 2BR Apt Walkable Downtown,293772932,Goose Hollow,45.51979,-122.68647,Entire home/apt,122,30,7,341
39306100,2 bedroom 2 bathroom luxury living in Downtown PDX,288485601,Pearl,45.53368,-122.68569,Entire home/apt,200,1,2,363
39307589,Two bedroom & two Bath apartment Downtown Portland,288485601,Pearl,45.53456,-122.6859,Entire home/apt,195,1,8,360
39319605,Downtown PDX spacious 2BR condo for up to 8 guests,301549254,Pearl,45.532959999999996,-122.68688999999999,Entire home/apt,195,1,7,365
39323536,New Comfy 2Bedroom & 2 Bath Apt for up to 6 guests,301549254,Pearl,45.53372,-122.68571999999999,Entire home/apt,134,1,3,365
39374876,New Stunning 2 Bedroom & 1Bath Apt in Downtown PDX,288678355,Pearl,45.53496,-122.68555,Entire home/apt,134,1,3,365
39469524,Pearl District! Your own Studio Apartment!,140341254,Pearl,45.53349,-122.68601000000001,Entire home/apt,79,1,13,32
39552562,Warm and modern Riverfront 3rd story Condo!,262349288,Old Town/Chinatown,45.529579999999996,-122.67253999999998,Entire home/apt,90,3,5,0
39627133,"Historic Hafner Haus Bed and Breakfast, Unit 3",8207605,Portland Downtown,45.51599,-122.68608,Private room,55,2,0,365
39635443,"Portland Waterfront Park, Studio Penthouse #2",10981379,Old Town/Chinatown,45.51982,-122.67096000000001,Entire home/apt,153,30,0,45
39730861,Welcoming 2 Bedroom luxury living in Downtown PDX,290237549,Pearl,45.53131,-122.68295,Entire home/apt,200,1,4,342
39732469,Enchanting 2 story loft in Downtown Portland,290237549,Pearl,45.530429999999996,-122.68646000000001,Entire home/apt,200,1,0,365
39765944,Downtown PDX Darling 2 BR Apt for up to 6 guests,290237549,Pearl,45.53288,-122.68356000000001,Entire home/apt,270,1,3,365
39766510,New Adorable 2 Bedroom 1 Bath Apt in Downtown PDX,290237549,Pearl,45.53014,-122.68573,Entire home/apt,158,1,5,365
39796717,Cozy King BedRoom Downtown/Pearl District,231707604,Pearl,45.5287,-122.68106999999999,Private room,57,1,0,0
39869095,Charming 2Bdrs Townhouse in Waterfront.,307017082,Portland Downtown,45.51228,-122.67388000000001,Entire home/apt,175,1,9,334
40060855,Large studio in downtown Portland,182809960,Portland Downtown,45.51398,-122.68485,Entire home/apt,100,1,2,176
40111084,Charming 2 Bdrs apt in downtown Portland.,309544560,Portland Downtown,45.51467,-122.68386000000001,Entire home/apt,165,1,6,334
40112993,Unique and Charming Basement Apartment Near PSU,309555241,Portland Downtown,45.51463,-122.6866,Entire home/apt,88,1,8,274
40114451,1 BR Close to downtown and near Providence Park,309565441,Goose Hollow,45.52196,-122.68961999999999,Entire home/apt,76,1,6,320
40160782,Comfy & Cozy Filled Portland Apartment,203913060,Goose Hollow,45.52158,-122.68905,Entire home/apt,76,1,9,283
40163510,Vintage Charmer near Central Downtown/PSU,309781078,Portland Downtown,45.51471,-122.68597,Entire home/apt,72,1,8,297
40164271,2BR Vintage Charmer near Providence Park,309962671,Goose Hollow,45.52163,-122.68776000000001,Entire home/apt,114,1,10,341
40164791,Spacious Downtown Apt near Providence Park,309972965,Goose Hollow,45.522059999999996,-122.68963000000001,Entire home/apt,76,1,5,250
40176088,Historic & Charming Apartment in Central Downtown,310185732,Portland Downtown,45.51486,-122.68671,Entire home/apt,89,1,7,336
40309176,Overton Condos Studio / 1ba 5,8534462,Pearl,45.531009999999995,-122.68683,Entire home/apt,180,1,0,156
40309349,Overton Condos Studio / 1ba 4,8534462,Pearl,45.531929999999996,-122.6863,Entire home/apt,180,1,0,149
40309743,Overton Condos Studio / 1ba 3,8534462,Pearl,45.53184,-122.68575,Entire home/apt,180,1,0,153
40309779,Overton Condos 1bd / 1ba 13,8534462,Pearl,45.53314,-122.68588000000001,Entire home/apt,190,1,0,152
40309865,Overton Condos Studio / 1ba 2,8534462,Pearl,45.53136,-122.68623000000001,Entire home/apt,180,1,0,142
40309883,Overton Condos Studio / 1ba 1,8534462,Pearl,45.53125,-122.68696000000001,Entire home/apt,180,1,0,137
40309927,Overton Condos 2bd / 2ba 2,8534462,Pearl,45.532790000000006,-122.68603999999999,Entire home/apt,330,1,0,156
40309952,Overton Condos 1bd / 1ba 12,8534462,Pearl,45.53239,-122.68581999999999,Entire home/apt,190,1,0,152
40309978,Overton Condos 1bd / 1ba 11,8534462,Pearl,45.53288,-122.68558,Entire home/apt,190,1,0,156
40310000,Overton Condos 1bd / 1ba 9,8534462,Pearl,45.53176,-122.68603,Entire home/apt,190,1,0,156
40310025,Overton Condos 1bd / 1ba 8,8534462,Pearl,45.532709999999994,-122.68627,Entire home/apt,190,1,0,151
40310046,Overton Condos 1bd / 1ba 7,8534462,Pearl,45.53295,-122.68688999999999,Entire home/apt,190,1,0,152
40310065,Overton Condos 2bd / 2ba 1,8534462,Pearl,45.53286,-122.68621999999999,Entire home/apt,330,1,0,152
40310084,Overton Condos 1bd / 1ba 6,8534462,Pearl,45.53286,-122.68683999999999,Entire home/apt,190,1,0,155
40310102,Overton Condos 1bd / 1ba 5,8534462,Pearl,45.53266,-122.68553999999999,Entire home/apt,190,1,0,152
40310122,Overton Condos 1bd / 1ba 4,8534462,Pearl,45.53305,-122.68635,Entire home/apt,190,1,0,156
40310145,Overton Condos 1bd / 1ba 3,8534462,Pearl,45.53182,-122.68566000000001,Entire home/apt,190,1,0,152
40310160,Overton Condos 1bd / 1ba 2,8534462,Pearl,45.53322,-122.68545,Entire home/apt,190,1,0,151
40310176,Overton Condos 1bd / 1ba 1,8534462,Pearl,45.53329,-122.68553,Entire home/apt,190,1,0,152
40310211,Overton Condos 1bd / 1ba 10,8534462,Pearl,45.53145,-122.68608,Entire home/apt,190,1,0,156
40373129,Beautiful Vibrant Space-2bdr w/City Views,312062599,Pearl,45.52833,-122.6852,Entire home/apt,164,1,0,293
40431731,Pearl District Flats 2bd / 1ba 4,8534462,Pearl,45.53284,-122.68678,Entire home/apt,330,1,0,137
40431744,Pearl District Flats 1bd / 1ba 4,8534462,Pearl,45.53458,-122.68666,Entire home/apt,200,1,0,135
40431749,Pearl District Flats 1bd / 1ba 3,8534462,Pearl,45.533570000000005,-122.68513999999999,Entire home/apt,200,1,0,134
40431752,Pearl District Flats 2bd / 1ba 6,8534462,Pearl,45.53457,-122.68603,Entire home/apt,330,1,0,137
40431761,Pearl District Flats 2bd / 1ba 1,8534462,Pearl,45.53329,-122.68543999999999,Entire home/apt,330,1,0,135
40431763,Pearl District Flats 2bd / 1ba 2,8534462,Pearl,45.53311,-122.68575,Entire home/apt,330,1,0,137
40431767,Pearl District Flats 2bd / 1ba 3,8534462,Pearl,45.53354,-122.68583000000001,Entire home/apt,330,1,0,137
40431773,Pearl District Flats 1bd / 1ba 1,8534462,Pearl,45.5349,-122.68546,Entire home/apt,200,1,0,130
40431776,Pearl District Flats 2bd / 1ba 5,8534462,Pearl,45.53478,-122.68563,Entire home/apt,330,1,0,137
40431783,Pearl District Flats 1bd / 1ba 2,8534462,Pearl,45.534240000000004,-122.6869,Entire home/apt,200,1,0,136
40456994,Portland High Rise 1 BR with Views!,124558729,Portland Downtown,45.51878,-122.68206,Entire home/apt,175,4,0,90
40618207,Beautifully furnished condo in heart of downtown,116267656,Portland Downtown,45.51429,-122.68262,Entire home/apt,86,31,0,179
40711307,Strand glass towers condominium,183824204,Portland Downtown,45.50666,-122.6741,Entire home/apt,170,5,0,180
40963382,1 BEDROOM @ WORLDMARK RESORT IN PORTLAND! SLEEPS 4,12057949,Old Town/Chinatown,45.52165,-122.67241000000001,Private room,499,2,0,0
41048364,Pearl district apt,150776003,Pearl,45.53315,-122.68373999999999,Entire home/apt,110,1,0,356
